-- add datas

INSERT INTO Individual_Customer (user_id, user_Fname, user_Lname) VALUES
(103456, 'Ali', 'Yilmaz'),
(110987, 'Ayse', 'Kara'),
(122345, 'Mehmet', 'Demir'),
(138901, 'Fatma', 'Celik'),
(144321, 'Ahmet', 'Ozkan'),
(107654, 'Zeynep', 'Aydin'),
(101234, 'Emre', 'Tas'),
(148765, 'Elif', 'Gunes'),
(113210, 'Hakan', 'Topal'),
(140789, 'Merve', 'Kurt');

INSERT INTO Commercial_Customer (user_id, user_Fname, user_Lname) VALUES
(150123, 'FirmaA', 'Elektrik'),
(155678, 'FirmaB', 'Enerji'),
(161234, 'FirmaC', 'Yapi'),
(167890, 'FirmaD', 'Sanayi'),
(172345, 'FirmaE', 'Hizmet'),
(180123, 'FirmaF', 'Gida'),
(186789, 'FirmaG', 'Tekstil'),
(191234, 'FirmaH', 'Insaat'),
(195678, 'FirmaI', 'Bilişim'),
(199999, 'FirmaJ', 'Lojistik');

INSERT INTO Individual_Individual (user_id, user_Fname, user_Lname) VALUES
(203456, 'Can', 'Kaya'),
(210987, 'Burcu', 'Yildiz'),
(222345, 'Kerem', 'Aslan'),
(238901, 'Derya', 'Sari'),
(244321, 'Eren', 'Koç'),
(207654, 'Melis', 'Yildirim'),
(201234, 'Selin', 'Turan'),
(248765, 'Baran', 'Demirci'),
(213210, 'Ezgi', 'Gul'),
(240789, 'Murat', 'Sezer');

INSERT INTO Commercial_Individual (user_id, user_Fname, user_Lname) VALUES
(253456, 'TicA', 'Altin'),
(260987, 'TicB', 'Yatirim'),
(272345, 'TicC', 'Elektrik'),
(288901, 'TicD', 'Market'),
(294321, 'TicE', 'Koop'),
(257654, 'TicF', 'Medya'),
(251234, 'TicG', 'Gida'),
(298765, 'TicH', 'Kirtasiye'),
(263210, 'TicI', 'Enerji'),
(270789, 'TicJ', 'Yapi');

INSERT INTO Address (address_ID, city, House_num, street_num, user_id) VALUES
('010123', 'Lefkosa', '23', '12', 203456),
('020456', 'Girne', '10', '5', 244321),
('030789', 'Gazimagusa', '34', '17', 260987),
('040234', 'Guzelyurt', '7', '3', 180123),
('050111', 'Iskele', '56', '9', 103456),
('060678', 'Lefke', '89', '2', 150123),
('010999', 'Lefkosa', '11', '1', 201234),
('020888', 'Girne', '99', '25', 288901),
('030555', 'Gazimagusa', '43', '18', 195678),
('040333', 'Guzelyurt', '60', '2', 238901);

INSERT INTO Energy_Meter (Energy_meter_id, mac_id, Type_Phase_Name, PhaseType_id, address_ID) VALUES
(62477133, '4d:1c:90:e9:13:4c', 'Mono Phase', 1, '010123'),
(18584510, 'bc:8b:79:4b:dc:8e', 'Two Phase', 2, '020456'),
(13068858, '61:7c:1a:b5:bb:91', 'Three Phase', 3, '030789'),
(93639140, '56:ef:71:19:8d:a8', 'Mono Phase', 1, '040234'),
(39545339, 'c1:a1:47:15:fb:38', 'Two Phase', 2, '050111'),
(18143989, 'ac:ff:48:b9:6d:f2', 'Three Phase', 3, '060678'),
(63069435, 'dd:03:7e:80:80:8e', 'Mono Phase', 1, '060678'),
(12313644, '62:35:1e:11:ba:b3', 'Two Phase', 2, '020888'),
(43484623, 'a4:6f:b0:dc:7b:39', 'Three Phase', 3, '030555'),
(17989687, '5b:84:07:ec:23:a4', 'Mono Phase', 1, '040333');

INSERT INTO Bill (Bill_ID, Total_debt, kwh_rate, Date, Montly_dept, Is_paid, EM_ID) VALUES
(10240147, 100.00, 0.15, '2023-05-21', 45.50, true, 62477133),
(80185714, 150.50, 0.20, '2023-04-12', 60.00, false, 18584510),
(57686297, 120.30, 0.18, '2023-03-10', 32.70, true, 13068858),
(17853629, 170.20, 0.20, '2023-02-15', 50.20, false, 93639140),
(74989693, 130.00, 0.15, '2023-01-18', 40.10, true, 39545339),
(71345378, 100.00, 0.18, '2022-12-11', 45.50, false, 18143989),
(29623597, 150.50, 0.20, '2022-11-05', 60.00, true, 63069435),
(44097949, 120.30, 0.15, '2022-10-23', 32.70, false, 12313644),
(88831499, 170.20, 0.18, '2022-09-14', 50.20, true, 43484623),
(76693177, 130.00, 0.20, '2022-08-07', 40.10, false, 17989687);

INSERT INTO Statistics (Stats_No, EM_ID) VALUES
(389281, 62477133),
(327817, 18584510),
(791288, 13068858),
(128250, 93639140),
(715095, 39545339),
(957838, 18143989),
(200858, 63069435),
(848820, 12313644),
(669976, 43484623),
(185787, 17989687);

INSERT INTO Daily_Min_Stats (Stats_No, EM_ID, Daily_min_consume_time) VALUES
(389281, 62477133, '2023-04-19'),
(327817, 18584510, '2022-07-25'),
(791288, 13068858, '2023-06-23'),
(128250, 93639140, '2023-12-07'),
(715095, 39545339, '2022-11-13'),
(957838, 18143989, '2023-07-09'),
(200858, 63069435, '2023-03-29'),
(848820, 12313644, '2022-05-27'),
(669976, 43484623, '2023-06-28'),
(185787, 17989687, '2022-08-31');


INSERT INTO Monthly_Min_Stats (Stats_No, EM_ID, Monthly_min_consume_time) VALUES
(389281, 62477133, '2022-09'),
(327817, 18584510, '2023-04'),
(791288, 13068858, '2023-12'),
(128250, 93639140, '2022-03'),
(715095, 39545339, '2023-04'),
(957838, 18143989, '2023-09'),
(200858, 63069435, '2022-10'),
(848820, 12313644, '2022-06'),
(669976, 43484623, '2022-07'),
(185787, 17989687, '2023-06');


INSERT INTO Yearly_Min_Stats (Stats_No, EM_ID, Yearly_min_consume_time) VALUES
(389281, 62477133, 2022),
(327817, 18584510, 2023),
(791288, 13068858, 2022),
(128250, 93639140, 2023),
(715095, 39545339, 2023),
(957838, 18143989, 2022),
(200858, 63069435, 2022),
(848820, 12313644, 2022),
(669976, 43484623, 2023),
(185787, 17989687, 2022);

INSERT INTO Daily_Max_Stats (Stats_No, EM_ID, Daily_max_consume_time) VALUES
(389281, 62477133, '2023-04-25'),
(327817, 18584510, '2022-08-01'),
(791288, 13068858, '2023-06-30'),
(128250, 93639140, '2023-12-14'),
(715095, 39545339, '2022-11-20'),
(957838, 18143989, '2023-07-15'),
(200858, 63069435, '2023-04-05'),
(848820, 12313644, '2022-06-03'),
(669976, 43484623, '2023-07-01'),
(185787, 17989687, '2022-09-05');

INSERT INTO Monthly_Max_Stats (Stats_No, EM_ID, Monthly_max_consume_time) VALUES
(389281, 62477133, '2022-10'),
(327817, 18584510, '2023-05'),
(791288, 13068858, '2024-01'),
(128250, 93639140, '2022-04'),
(715095, 39545339, '2023-05'),
(957838, 18143989, '2023-10'),
(200858, 63069435, '2022-11'),
(848820, 12313644, '2022-07'),
(669976, 43484623, '2022-08'),
(185787, 17989687, '2023-07');

INSERT INTO Yearly_Max_Stats (Stats_No, EM_ID, Yearly_max_consume_time) VALUES
(389281, 62477133, 2023),
(327817, 18584510, 2024),
(791288, 13068858, 2023),
(128250, 93639140, 2024),
(715095, 39545339, 2024),
(957838, 18143989, 2023),
(200858, 63069435, 2023),
(848820, 12313644, 2023),
(669976, 43484623, 2024),
(185787, 17989687, 2023);

INSERT INTO Ticket (Ticket_ID, Urgency_Type, description, e_id, user_id) VALUES
(101234, 3, 'Meter replacement', 400001, 103456),
(200000, 3, 'Broken Cable', 400001, 103456),
(200001, 3, 'High Voltage', 400001, 103456),
(102345, 2, 'Voltage drop', 400002, 122345),
(103456, 1, 'Routine check', 400003, 107654),
(104567, 3, 'System update', 400004, 203456),
(105678, 2, 'Connection issue', 400005, 186789),
(106789, 1, 'Routine check', 400006, 195678),
(107890, 3, 'Voltage drop', 400007, 253456),
(108901, 2, 'System update', 400008, 272345),
(109012, 1, 'Meter replacement', 400009, 272345),
(110123, 3, 'Connection issue', 400010, 298765);

INSERT INTO Communication (Local_IP_ID, EM_ID, comminication_type) VALUES
(300101, 62477133, 'GPRS'),
(300102, 18584510, 'Ethernet'),
(300103, 13068858, 'GPRS'),
(300104, 93639140, 'LoRa'),
(300105, 39545339, 'WiFi'),
(300106, 18143989, 'GPRS'),
(300107, 63069435, 'GPRS'),
(300108, 12313644, 'LoRa'),
(300109, 43484623, 'WiFi'),
(300110, 17989687, 'Ethernet');

INSERT INTO Measurements (Date, EM_ID, Volt, Watt_Hour, Watt) VALUES
('2023-01-01', 62477133, 220, 100, 60),
('2023-01-02', 18584510, 230, 150, 75),
('2023-01-03', 13068858, 240, 200, 80),
('2023-01-04', 93639140, 220, 175, 90),
('2023-01-05', 39545339, 230, 130, 100),
('2023-01-06', 18143989, 240, 100, 60),
('2023-01-07', 63069435, 220, 150, 75),
('2023-01-08', 12313644, 230, 200, 80),
('2023-01-09', 43484623, 240, 175, 90),
('2023-01-10', 17989687, 220, 130, 100),
('2023-02-01', 62477133, 220, 100, 60),
('2023-03-01', 62477133, 220, 100, 60),
('2023-04-20', 62477133, 220, 100, 60),
('2023-04-23', 62477133, 220, 100, 60),
('2023-04-12', 62477133, 220, 100, 60);


INSERT INTO Manager (e_id, e_name, e_surname) VALUES
(300001, 'Ahmet', 'Demir'),
(300002, 'Ayse', 'Kaya'),
(300003, 'Mehmet', 'Yilmaz'),
(300004, 'Fatma', 'Sahin'),
(300005, 'Hasan', 'Acar'),
(300006, 'Zeynep', 'Kurt'),
(300007, 'Mert', 'Aslan'),
(300008, 'Elif', 'Yildiz'),
(300009, 'Burak', 'Celik'),
(300010, 'Derya', 'Turan');

INSERT INTO Worker (e_id, e_name, e_surname) VALUES
(400001, 'Emre', 'Kilic'),
(400002, 'Selin', 'Aksoy'),
(400003, 'Hakan', 'Ozkan'),
(400004, 'Melis', 'Yalcin'),
(400005, 'Tugrul', 'Demirtas'),
(400006, 'Buse', 'Karaca'),
(400007, 'Serkan', 'Polat'),
(400008, 'Gizem', 'Erdem'),
(400009, 'Baris', 'Ucar'),
(400010, 'Eda', 'Gunes');

INSERT INTO Technician (e_id, e_name, e_surname) VALUES
(200001, 'Ali', 'Kurt'),
(200002, 'Zeynep', 'Cetin'),
(200003, 'Okan', 'Kaya'),
(200004, 'Sevgi', 'Arslan'),
(200005, 'Mustafa', 'Yaman'),
(200006, 'Sibel', 'Efe'),
(200007, 'Cem', 'Baran'),
(200008, 'Deniz', 'Aydin'),
(200009, 'Seda', 'Gok'),
(200010, 'Kerem', 'Dogan');

INSERT INTO Job (Job_id, e_id, Urgency_Type, Report_date, Est_Job_time, completion_date, description, T_ID) VALUES
(200001, 400001, 3, '2023-01-15', '02:30:00', '2023-01-16', 'Replaced meter', 101234),
(200002, 400002, 2, '2023-02-10', '01:15:00', '2023-02-11', 'Checked voltage', 102345),
(200003, 400003, 1, '2025-04-20', '00:45:00', '2025-04-22', 'Routine inspection', 103456),
(200011, 400003, 1, '2025-04-01', '00:45:00', '2025-04-03', 'Broken Cable', 200000),
(200012, 400003, 1, '2025-04-02', '00:45:00', '2025-04-04', 'High Voltage', 200001),
(200004, 400004, 3, '2023-04-05', '03:00:00', '2023-04-06', 'Updated system', 104567),
(200005, 400005, 2, '2023-05-01', '01:00:00', '2023-05-02', 'Fixed connection', 105678),
(200006, 400006, 1, '2023-06-14', '00:30:00', '2023-06-15', 'Routine inspection', 106789),
(200007, 400007, 3, '2023-07-19', '02:15:00', '2023-07-20', 'Voltage issue fix', 107890),
(200008, 400008, 2, '2023-08-23', '01:20:00', '2023-08-24', 'System maintenance', 108901),
(200009, 400009, 1, '2023-09-10', '00:50:00', '2023-09-11', 'Meter replacement', 109012),
(200010, 400010, 3, '2023-10-30', '03:10:00', '2023-11-01', 'Network fault fix', 110123);

INSERT INTO Checks (e_id, EM_ID) VALUES
(200001, 62477133),
(200002, 18584510),
(200003, 13068858),
(200004, 93639140),
(200005, 39545339),
(200006, 18143989),
(200007, 63069435),
(200008, 12313644),
(200009, 43484623),
(200010, 17989687);

INSERT INTO Complates (e_id, Job_id) VALUES
(200001, 200001),
(200002, 200002),
(200003, 200003),
(200003, 200011),
(200003, 200012),
(200004, 200004),
(200005, 200005),
(200006, 200006),
(200007, 200007),
(200008, 200008),
(200009, 200009),
(200010, 200010);

INSERT INTO Report (e_id, Stats_No) VALUES
(300001, 389281),
(300002, 327817),
(300003, 791288),
(300004, 128250),
(300005, 715095),
(300006, 957838),
(300007, 200858),
(300008, 848820),
(300009, 669976),
(300010, 185787);

